<?xml version="1.0" encoding="UTF-8"?>
<databaseChangeLog
  xmlns="http://www.liquibase.org/xml/ns/dbchangelog"
  xmlns:xsi="http://www.w3.org/2001/XMLSchema-instance"
  xsi:schemaLocation="http://www.liquibase.org/xml/ns/dbchangelog
                      http://www.liquibase.org/xml/ns/dbchangelog/dbchangelog-3.1.xsd">

  <changeSet id="001" author="chatgpt">
    <createTable tableName="file_metadata">
      <column name="id" type="UUID">
        <constraints primaryKey="true"/>
      </column>
      <column name="tenant_id" type="VARCHAR(255)"/>
      <column name="filename" type="VARCHAR(255)"/>
      <column name="object_key" type="VARCHAR(255)"/>
      <column name="provider" type="VARCHAR(50)"/>
      <column name="size" type="BIGINT"/>
      <column name="content_type" type="VARCHAR(100)"/>
      <column name="uploaded_at" type="TIMESTAMP"/>
    </createTable>
  </changeSet>
</databaseChangeLog>
