<?xml version="1.0" encoding="UTF-8"?>
<databaseChangeLog
  xmlns="http://www.liquibase.org/xml/ns/dbchangelog"
  xmlns:xsi="http://www.w3.org/2001/XMLSchema-instance"
  xsi:schemaLocation="http://www.liquibase.org/xml/ns/dbchangelog
                      http://www.liquibase.org/xml/ns/dbchangelog/dbchangelog-3.1.xsd">

  <changeSet id="001" author="chatgpt">
    <createTable tableName="cloud_provider_config">
      <column name="id" type="BIGINT" autoIncrement="true">
        <constraints primaryKey="true"/>
      </column>
      <column name="tenant_id" type="VARCHAR(255)"/>
      <column name="provider_type" type="VARCHAR(50)"/>
      <column name="access_key" type="VARCHAR(255)"/>
      <column name="secret_key" type="VARCHAR(255)"/>
      <column name="connection_string" type="VARCHAR(1000)"/>
      <column name="bucket_name" type="VARCHAR(255)"/>
    </createTable>
  </changeSet>

</databaseChangeLog>
